Stopwords,Consider,
suggest,,
suggested,,
a,,
about,,
above,,
across,,
after,,
again,,
against,,
all,,
almost,,
alone,,
along,,
already,,
also,,
although,,
always,,
among,,
an,,
and,,
another,,
any,,
anybody,,
anyone,,
anything,,
anywhere,,
are,,
area,,
areas,,
around,,
as,,
ask,,
asked,,
asking,,
asks,,
at,,
away,,
b,,
back,No,
backed,,
backing,,
backs,,
be,,
became,,
because,,
become,,
becomes,,
been,,
before,,
began,,
behind,,
being,,
beings,,
best,,
better,,
between,,
both,,
but,,
by,,
c,No,
came,,
can,,
cannot,,
case,No,
cases,,
certain,,
certainly,,
clear,,
clearly,,
come,,
could,,
d,,
did,,
differ,,
different,,
differently,,
do,,
does,,
done,,
down,,
downed,,
downing,,
downs,,
during,,
e,,
each,,
early,,
either,,
end,No,
ended,,
ending,,
ends,,
enough,,
even,,
evenly,,
ever,,
every,,
everybody,,
everyone,,
everything,,
everywhere,,
f,,
face,No,
faces,,
fact,,
facts,,
far,,
felt,,
few,,
find,,
finds,,
first,,
for,,
four,,
from,,
full,,
fully,,
further,,
furthered,,
furthering,,
furthers,,
g,,
gave,,
general,,
generally,,
get,,
gets,,
give,,
given,,
gives,,
go,,
going,,
good,,
goods,,
got,,
great,,
greater,,
greatest,,
group,,
grouped,,
grouping,,
groups,,
h,,
had,,
has,,
have,,
having,,
he,,
her,,
here,,
herself,,
high,No,
higher,,
highest,,
him,,
himself,,
his,,
how,,
however,,
i,,
if,,
important,,
in,,
interest,,
interested,,
interesting,,
interests,,
into,,
is,,
its,,
itself,,
j,,
just,,
k,,
keep,,
keeps,,
kind,,
knew,,
know,,
known,,
knows,,
l,,
large,,
largely,,
last,,
later,,
latest,No,
least,,
less,,
let,,
lets,,
like,,
likely,,
long,,
longer,,
longest,,
m,,
made,,
make,,
making,,
man,,
many,,
may,,
me,,
member,,
members,,
men,,
might,,
more,,
most,,
mostly,,
mr,,
mrs,,
much,,
must,,
my,,
myself,,
n,,
necessary,,
need,,
needed,,
needing,,
needs,,
never,,
new,,
newer,,
newest,,
next,,
no,,
nobody,,
non,,
noone,,
not,,
nothing,,
now,,
nowhere,,
number,,
numbers,,
o,,
of,,
off,,
often,,
old,,
older,,
oldest,,
on,,
once,,
one,,
only,,
open,,
opened,,
opening,,
opens,,
or,,
order,,
ordered,,
ordering,,
orders,,
other,,
others,,
our,,
out,,
over,,
p,,
part,,
parted,,
parting,,
parts,,
per,,
perhaps,,
place,,
places,,
point,No,
pointed,,
pointing,,
points,,
possible,,
present,,
presented,,
presenting,,
presents,,
problem,No,
problems,,
put,,
puts,,
q,,
quite,,
rather,,
really,,
right,,
room,,
rooms,,
s,,
said,,
same,,
saw,,
say,,
says,,
second,,
seconds,,
see,,
seem,,
seemed,,
seeming,,
seems,,
sees,,
several,,
shall,,
she,,
should,,
show,,
showed,,
showing,,
shows,,
side,,
sides,,
since,,
small,,
smaller,,
smallest,,
so,,
some,,
somebody,,
someone,,
something,,
somewhere,,
state,,
states,,
still,,
such,,
sure,,
t,,
take,,
taken,,
than,,
that,,
the,,
their,,
them,,
then,,
there,,
therefore,,
these,,
they,,
thing,,
things,,
think,,
thinks,,
this,,
those,,
though,,
thought,,
thoughts,,
three,,
through,,
thus,,
to,,
today,,
together,,
too,,
took,,
toward,,
turn,,
turned,,
turning,,
turns,,
two,,
u,,
under,,
until,,
up,,
upon,,
us,,
use,,
used,,
uses,,
v,,
very,,
w,,
want,,
wanted,,
wanting,,
wants,,
was,,
way,,
ways,,
we,,
well,,
wells,,
went,,
were,,
what,,
when,,
where,,
whether,,
which,,
while,,
who,,
whole,,
whose,,
why,,
will,,
with,,
within,,
without,,
work,No,
worked,No,
working,No,
works,No,
would,,
x,,
y,,
year,,
years,,
yet,,
you,,
young,,
younger,,
youngest,,
your,,
yours,,
z,,
a's,,
able,,
according,,
accordingly,,
actually,,
afterwards,,
ain't,,
allow,,
allows,,
am,,
amongst,,
anyhow,,
anyway,,
anyways,,
apart,,
appear,,
appreciate,,
appropriate,,
aren't,,
aside,,
associated,,
available,,
awfully,,
becoming,,
beforehand,,
believe,,
below,,
beside,,
besides,,
beyond,,
brief,,
c'mon,,
c's,,
can't,,
cant,,
cause,,
causes,,
changes,,
co,No,
com,,
comes,,
concerning,,
consequently,,
consider,,
considering,,
contain,,
containing,,
contains,,
corresponding,,
couldn't,,
course,,
currently,,
definitely,,
described,,
despite,,
didn't,,
doesn't,,
doing,,
don't,,
downwards,,
edu,,
eg,,
eight,,
else,,
elsewhere,,
entirely,,
especially,,
et,,
etc,,
ex,,
exactly,,
example,,
except,,
fifth,,
five,,
followed,,
following,,
follows,,
former,,
formerly,,
forth,,
furthermore,,
getting,,
goes,,
gone,,
gotten,,
greetings,,
hadn't,,
happens,,
hardly,,
hasn't,,
haven't,,
he's,,
hello,,
help,,
hence,,
here's,,
hereafter,,
hereby,,
herein,,
hereupon,,
hers,,
hi,,
hither,,
hopefully,,
howbeit,,
i'd,,
i'll,,
i'm,,
i've,,
ie,,
ignored,,
immediate,,
inasmuch,,
inc,,
indeed,,
indicate,,
indicated,,
indicates,,
inner,,
insofar,,
instead,,
inward,,
isn't,,
it'd,,
it'll,,
it's,,
kept,,
lately,,
latter,,
latterly,,
lest,,
let's,,
liked,,
little,,
look,,
looking,,
looks,,
ltd,,
mainly,,
maybe,,
mean,,
meanwhile,,
merely,,
moreover,,
name,,
namely,,
nd,,
near,,
nearly,,
neither,,
nevertheless,,
nine,,
none,,
nor,,
normally,,
novel,No,
obviously,,
oh,,
ok,,
okay,,
ones,,
onto,,
otherwise,,
ought,,
ours,,
ourselves,,
outside,,
overall,,
own,,
particular,,
particularly,,
placed,,
please,,
plus,No,
presumably,,
probably,,
provides,,
que,,
qv,,
rd,,
re,,
reasonably,,
regarding,,
regardless,,
regards,,
relatively,,
respectively,,
saying,,
secondly,,
seeing,,
seen,,
self,,
selves,,
sensible,,
sent,,
serious,,
seriously,,
seven,,
shouldn't,,
six,No,
somehow,,
sometime,,
sometimes,,
somewhat,,
soon,,
sorry,,
specified,,
specify,,
specifying,,
sub,No,
sup,,
t's,,
tell,,
tends,,
th,,
thank,,
thanks,,
thanx,,
that's,,
thats,,
theirs,,
themselves,,
thence,,
there's,,
thereafter,,
thereby,,
therein,,
theres,,
thereupon,,
they'd,,
they'll,,
they're,,
they've,,
third,,
thorough,,
thoroughly,,
throughout,,
thru,,
towards,,
tried,,
tries,,
truly,,
try,,
trying,,
twice,,
un,,
unfortunately,,
unless,,
unlikely,,
unto,,
useful,,
using,,
usually,,
uucp,,
value,No,
various,,
via,,
viz,,
vs,,
wasn't,,
we'd,,
we'll,,
we're,,
we've,,
welcome,,
weren't,,
what's,,
whatever,,
whence,,
whenever,,
where's,,
whereafter,,
whereas,,
whereby,,
wherein,,
whereupon,,
wherever,,
whither,,
who's,,
whoever,,
whom,,
willing,,
wish,,
won't,,
wonder,,
wouldn't,,
yes,,
you'd,,
you'll,,
you're,,
you've,,
yourself,,
yourselves,,
zero,,
",",,
.,,
?,,
!,,
|,,
:,,
',,
"""",,
;,,
<NUM>,,
$,,
km,,
&,,
#,No,
's,,
/,,
dr.,,
amoungst,,
amount,,
bill,,
bottom,,
call,No,
con,,
couldnt,,
cry,,
de,,
describe,,
detail,,
due,,
eleven,,
empty,,
fifteen,,
fify,,
fill,,
fire,,
forty,,
found,,
front,No,
hasnt,,
"herse""",,
"himse""",,
hundred,,
"itse""",,
mill,,
mine,,
move,,
"myse""",,
sincere,,
sixty,,
system,No,
ten,,
thick,,
thin,,
top,No,
twelve,,
twenty,,
welche,,
zu,,
es,,
z.B.,,
Wie,,
ist,,
geht,,
gibt,,
momentan,,
define,,
identify,,
vs.,,
(,,
),,
properly,,
access,No,
accessibility,,
achieve,,
additional,,
afiduration textthis,,
analyze,No,
and what,,
applicationsuse dojo mob,,
aspect,,
assessment,No,
assistiv,,
attend,,
audience,,
automate,No,
background,,
background knowledge,,
base,No,
basic,No,
cancel,,
class,,
classroom,,
collection,,
concept,,
confirmation,,
connect,No,
consideration,,
content,No,
context,No,
control,No,
cover,,
create,,
daily,,
default,,
define to identify,,
deliver,No,
demonstrate,,
department,,
derive,,
description,,
descriptioyone,,
difference,,
directoryconfigure,,
discount,,
discover,,
discuss,,
division,,
drive,,
duration,,
editor,,
enroll,,
enrollment,,
entire,,
environment,No,
essential,,
every day,,
examine,,
exercise,,
experience,,
export,,
extension,,
failure,,
family,,
featuresaccessibility,,
featuresaccommodation,,
featuresthe,,
final category,,
first part,,
follow,,
forcare,,
gain,,
good practice,,
guidance,,
how to use,,
how to use set owavirtualdirectory,,
ilt,,
include,,
individual in key role,,
initial,,
initiative,,
interact,,
intermediate,,
interpret,,
intoduce,,
introduction,,
involve,,
pron,,
keyboard,,
keyword,,
keywords,,
keywordszu,,
keywordszu spvcws etucourse,,
keywordszu spvcws thomcourse etucourse,,
keywordszu spvcws thomcourse etucourse course objectivesexplain,,
lesson,,
limited,,
list,,
lvcws,,
main,No,
manage,No,
managersubmit,,
may vary,,
modify,,
module,No,
no live,,
nonface,,
note,,
notice,,
notification,,
objectivescreate,,
objectivesdescribe,,
obtain,,
offer,,
ommunityduration textapproximately minutescourse keywordsfice,,
ongoing,,
opportunity,,
option,,
overview,,
plan,No,
planningduration,,
please contact,,
pourriel ce qu il faut savoir,,
prerequisite,,
presentation,,
previous,,
primary,,
process,No,
processdurati,,
procuretopay,,
provide,,
purchase,No,
purpose,,
reader,,
receive,,
refer,,
reference,,
refresh,,
repetitive,,
request,,
require,,
result,,
review,,
select,,
self pace,,
serve,,
serversdeploy,,
session,No,
significant,,
skip,,
smart,,
solutione proposal maw this initial,,
start,,
stretch,,
study,,
survey,,
task,,
team,No,
text,No,
textapproximately,,
textapproximately hourcourse keywordsfedfederal governmentsexual,,
that be,,
the only thing,,
topic,,
tour,,
type,,
understand,,
understanding,,
vary,,
version,No,
workshop,,
write,,
demonstration,,
enrol,,
learn,No,
objectives,,
obtain approval,,
responsible,,
skill,,
 this,,
be for ,,
who want to,,
for the,,
will give the,,
and understanding of ,,
how to use various,,
generate,,
note ,,
course be offer,,
go to this,,
additional audience ,,
 require by a system,,
 for those who want a,,
 to ,,
how to set up ,,
list ,,
different ,,
introduce,,
 be for anyone,,
describe how,,
can be use to manage,,
anotherdefine the format,,
how to control,,
the difference between ,,
 advanced course ,,
use the,,
in order to ,,
how to analyze,,
individual require,,
mdmunderstand,,
handledunderstand,,
how to generate,,
should have a ,,
fundamental understanding ,,
this course cover important,,
 learner should have a,,
before take this course,,
 overview this course,,
cover the,,
 can be use ,,
provide for all ,,
focus on the issue,,
approximately,,
duration textapproximately,,
to address theseinformation,,
support effort to identify and pursue,,
face the,,
create today s focus on,,
this course focus on how to use,,
this course will provide,,
publically available,No,
discuss various,,
 who have,,
 perform,No,
give scenario ,,
speed,,
need to,,
course objectives,,
impact of,,
report,No,
 individual who plan,,
audience ,,
basic ,No,
course  ,,
who ,,
want ,,
keywordskm m m ,,
etucourse etuiis m g m,,
determine ,,
agreement,,
invalid ,,
and ,,
incomplete,,
m dx g km g m g i km m m g m spvc ,,
overview ,,
this ,,
course ,,
must follow,,
may result,,
same process ,,
within the,,
the main kind of ,,
 find,,
use user define,,
will ,,
 a confirmation letter,,
keywordskm g m g m g km g m g m g km g m,,
this can include,,
who understand the,,
keywordskm m m etucourse etuiis m g m spvc,,
to start this process,,
that use the,,
will receive a ,,
for this course go to the,,
this be the,,
should ,,
use that,,
who seek ,,
keywordskm g m g km g km g m g m spvc,,
within a,,
and how,,
advantage of ,,
 what an,,
benefit,,
 from ,,
while help ,,
to attend this,,
be personally,,
 responsible ,,
within ,,
to configure the,,
in this course ,,
that this course may vary by,,
have the mission ,,
all benefit from attend this,,
would all benefit ,,
from ,,
attend ,,
this course ,,
be appropriate ,,
for student ,,
to implement,,
approval ,,
to ,,
for request ,,
 intermediate course,,
audience this be an ,,
advanced course for ,,
obtain approval to attend this,,
the default ,,
use system ,No,
work with,,
impact of ,,
keyword l cl l cl g cf g cl g l g l spvc,,
be ,,
concerned ,,
and describe,,
that assist ,,
like import ,,
perform ,No,
the task ,,
necessary to ,,
 be offer ,,
describe the,,
involve in plan ,,
should be ,,
design to ,No,
take advantage ,,
may result in the,,
a give,,
output to ,,
determine access ,,
and user ,,
define ,,
distinct ,,
how to ,,
of advanced,,
need ,,
to write ,,
return from the,,
cover ,,
all aspect of ,,
approach use case the,,
 that will ,,
incorporate ,,
the functionality ,,
that ,,
show the,,
keywordsetuii etucourse dc g i g i g i g ,,
course objectivesunderst,,
beyond the,,
 basic level,,
basic course,,
that read ,,
from and write,,
intermediate ,,
course be for,,
that this course ,,
may vary by ,,
of country ,,
where ,,
be ,,
offer ,,
type of ,,
function ,,
available ,,
educate ,,
the student,,
to access all ,,
 with the ,,
need to learn,,
support,,
decsribe,,
feature,,
perform,,
applicability,,
maximise,,
explain,,
extreme,,
exist,,
specific,,
comprise,,
organize,No,
view,,
intend,,
seek,,
comprehensive,,
success,,
story,,
site,,
watch,,
video,,
talk,,
hour,,
min,,
contact,,
week,,
friday,,
entry,No,
link,,
event,,
minute,,
tutorial,,
discussion,,
contact,,
weekly,,
section,,
external,No,
summary,,
january,,
february,,
march,,
april,,
may,,
june,,
july,,
august,,
september,,
october,,
november,,
december,,
jan,,
feb,,
mar,,
apr,,
may,,
jun,,
jul,,
aug,,
sept,,
oct,,
nov,,
dec,,
Monday,,
Tuesday,,
Wednesday,,
Thursday,,
friday,,
Saturday,,
Sunday,,
upto,,
e l,,
nan,,
e e,,
,,
,,
,,
,,
,,
,,
,,
,,
,,
,,
,,
,,
,,
,,
,,
,,
,,
,,
,,
,,
,,
,,
,,
,,
,,
,,
,,
,,
,,
,,
,,
,,
,,
,,
,,
,,
,,
,,
,,
,,
,,
,,
,,
,,
,,
,,
,,
,,
,,
,,
,,
,,
,,
,,
,,
,,
,,
,,
,,
,,
,,
,,
,,
,,
,,
,,
,,
,,
,,
,,
,,
,,
,,
,,
,,
,,
,,
,,
,,
,,
,,
,,
,,
,,
,,
,,
,,
,,
,,
,,
,,
,,
,,
,,
,,
,,
,,
,,
,,
,,
,,
,,
,,
,,
,,
,,
,,
,,
,,
,,
,,
,,
,,
,,
,,
,,
,,
,,
,,
,,
,,
,,
,,
,,
,,
,,
,,
,,
,,
,,
,,
,,
,,
,,
,,
,,
,,
,,
,,
,,
,,
,,
,,
,,
,,
,,
,,
,,
,,
,,
,,
,,
,,
,,
,,
,,
,,
,,
,,
,,
,,
,,
,,
,,
,,
,,
,,
,,
,,
,,
,,
,,
,,
,,
,,
,,
,,
,,
,,
,,
,,
,,
,,
,,
,,
,,
,,
,,
,,
,,
,,
,,
,,
,,
,,
,,
,,
,,
,,
,,
,,
,,
,,
,,
,,
,,
,,
,,
,,
,,
,,
,,
,,
,,
,,
,,
,,
,,
,,
,,
,,
,,
,,
,,
,,
,,
,,
,,
,,
,,
,,
,,
,,
,,
,,
,,
,,
,,
,,
,,
,,
,,
,,
,,
,,
,,
,,
,,
,,
,,
,,
,,
,,
,,
,,
,,
,,
,,
,,
,,
,,
,,
,,
,,
,,
,,
,,
,,
,,
,,
,,
,,
,,
,,
,,
,,
,,
,,
,,
,,
,,
,,
,,
,,
,,
,,
,,
,,
,,
,,
,,
,,
,,
,,
,,
,,
,,
,,
,,
,,
,,
,,
,,
,,
,,
,,
,,
,,
,,
,,
,,
,,
,,
,,
,,
,,
,,
,,
,,
,,
,,
,,
,,
,,
,,
,,
,,
,,
,,
,,
,,
,,
,,
,,
,,
,,
,,
,,
,,
,,
,,
,,
,,
,,
,,
,,
,,
,,
,,
,,
,,
